Name,Link,Publisher,Score /5,Summary,created time,year,만들고 참여한 사람,상태,종류
타오르는 여인의 초상,"하말넘많의리뷰, 감독인터뷰",,SUPERSUPER,"여성간의 사랑과 연대가 어떤 형태인가를 보여준 영화. 치밀하고도 아름답게 구성된 영화. 배경음악이 없다는 걸 나중에 깨달았다. 얼굴과 얼굴, 평등과 연대, 불타는 열정과 새하얗고 유령같은 현실들. 마지막 장면을 두고두고 보고싶다. 지독하게 아픈 사랑이면서 떠올릴 때 행복해 마지 않는 사랑. 서로를 일깨워주는 것들에 대해서.",2020년 3월 17일 오전 9:52,2020,"노에미 메를랑, 셀린 시아마, 아델 에넬",완주,Film
콜디스트 게임,,Netflix,⭐️⭐️,"그냥 좀 평범한 냉전영화였다. 배경이 폴란드였다는 것 빼고? 픽션이고 체스게임과 천재, 우정 뭐 이런게 주제다. ",2020년 3월 17일 오전 10:06,2020,Lukasz Kosmicki,완주,Film
아토믹 블론드,,,⭐️⭐️⭐️,어쩌다 보니 이것도 냉전영화. 베를린의 벽이 허물어질때 쯔음.. 샤를리즈 테론이 처 때리고 처 맞는 난투극의 현장... 아무도 믿지말어 우리 언니빼고.. 글고 소피아 부텔라랑 샤를리즈 테론 ㅅㅅ하는 장면 대박적임.. 뭔가 스타일리쉬 액션 이런 너낌인데 머 그러려고 무단히 애를 쓴 흔적이다. 어쨌든 캐스팅은 대성공이다 액션이랑,2020년 3월 17일 오전 10:10,2020,"데이비드 린치, 샤를리즈 테론",완주,Film
샤프트,,,⭐️⭐️,"딱히.. 인상깊진 않고.. 그냥 흑인 액션영화라는데 의의를 두자.. 세대공감..? ",2020년 3월 17일 오전 10:16,2020,"사무엘 L 잭슨, 팀 스토리",완주,Film
찰리스 앤젤스,,,⭐️⭐️⭐️,여자 보는 맛에 봤다 히힝 유치하고 재밌어~ 역시 여적남임,2020년 3월 17일 오전 10:17,2020,엘리자베스 뱅크스,완주,Film
나를 차버린 스파이,,,⭐️⭐️⭐️,여자 액션 영화. 영어자막으로 봐서 이해도는 낮다. 그냥 저냥 재밌음,2020년 3월 17일 오전 10:20,2020,수재나 포글,완주,Film
이터널 선샤인,,,⭐️⭐️⭐️⭐️,영화 구조가 아주 특별했다. 기억을 잃는 와중에 정신세계에서 클레멘타인을 잊지 않기위해 고군분투하는 조엘. 자신의 기억들로 숨어들어가는. 그 꿈의 묘사와 잊혀지는 사람의 얼굴이 사라지는 과정. 촬영도 재밌어 보였고 구조도 독특하고.. 예술적인 영화였다. 관계와 사랑과 아름다운 기억들에 관해서.,2020년 3월 17일 오전 10:21,2020,미셸 공드리,완주,TV Series
결혼 이야기,,Netflix,⭐️⭐️⭐️⭐️,"감독의 자전적인 얘기 같다. 살짝 소설적으로 시작하고, 독백이 많이 나왔으며, 현실적으로 대화를 주고 받는 장면들이 이어진다. 노래가 잊히지 않는다. “너는 내 자리를 너무 많이 뺏지만, 네가 날 살아있음을 느끼게 만들어. 혼자는 그냥 혼자일 뿐.”  가족과 결혼이란것이 뭘까 생각하게 된다. 그 울타리 안에서 구속을 느끼면서도 안심하고, 서로에게 너무 지독한 상처를 주면서도 서로를 위로할 수 있는 유일한 존재들. 그렇지만 서로밖에 없지는 않다. ",2020년 3월 17일 오전 10:25,2020,노아 바움백,완주,Film
레이디 버드,,,⭐️⭐️⭐️⭐️,"자신으로 살고 싶지 않은 크리스틴. 레이디 버드라는 이름과 자신의 집이 아닌 곳에서 산다고 하고, 자신이 아닌 것을 행한다. 그 이유는 쿨해보이는 삶. 내 자신이 아닌 다른 삶이 멋져보여서. 그래서 내가 살고 있는 곳과 먼 곳에서 공부하고 싶어한다.  영화는 나름대로 단순한 구조로 흘러간다. 소녀와 방황, 우정과 사랑, 용서와 선택. 크리스틴은 원하던 곳으로 가서 공부를 시작하게 되지만 왠지 모르게 고향을 생각한다. 자신의 이름은 크리스틴이라고 한다. 크리스틴이라는 이름과 고향과 교회는 사실은 자기 자신을 상징하고, 레이디 버드, 전남자친구의 집, 뉴욕은 내가 되고 싶은 삶이다. 우리는 그 사이에서 영원히 방황할지도 모른다. *개인적으론 너무 현실적인 소녀의 모습이 너무 좋았다. 엄마와의 대화도. 모든 요소들이 억지스럽거나 부자연ㄴ스럽지 않은 연출.",2020년 3월 17일 오전 10:28,2020,그레타 거윅,완주,TV Series
쓰리 빌보드,,,SUPERSUPER,"세상은 왜 평안을 원하는가. 평화, 평안이 사실은 누군가의 침묵으로 이루어지고 있음을, 세 개의 빌보드의 외침이 말한다. 사람들의 마음은 혼란스럽고 복합적이다. 용서와 화해는 서로에게 분출한 뒤에 이루어진다. 밀드레드는 언제나 화나있지만 고맙다는 말을 할 수 있게 되고, ㅣㄴ종차별주의자 딕슨은 뜨거운 마음으로 책임을 질 수 있게 된다. 이 영화는 한 번 더 봐야될것 같다.. 씨벌 프랜시스 사랑해",2020년 3월 17일 오전 10:34,2020,마틴 맥도나,완주,Film
내가 사랑했던 모든 남자들에게 2,,,⭐️⭐️⭐️,소소하고 귀엽고 가벼운 영화^^,2020년 3월 17일 오전 10:38,2020,"마이클 피모냐리, 제니 한",완주,Film
정직한 후보,,,⭐️⭐️⭐️,"라미란은.. 멋진배우야! 스토리도 나름대로 한국식이지만 잘 굴러 갔고, 무엇보다 불쾌하지 않게 재밌었다. 가끔 억지스러운. 장면이나 민망한 장면도 있었으나 한국영화치고는 나쁘지 않은 것이다. 왜 그럴까.. 왜 한국 코미디는 무리수를 둘까.. 어떤 투자자 새끼인지 조져버리고 싶다..그리고 일단 여성정치인이라는 점이 좋았고, 나름 여기저기 잘 꼬집었으나 너무 여기저기를 꼬집은것 같고, 무해한 음모수준으로 페미니즘을 퍼뜨려서 좋았다. 뭐랄까 키링남들.. 근데 왜 액션을 집어넣은 것이죠?",2020년 3월 17일 오전 10:49,2020,장유정,완주,Film
비폭력 대화,,창비,⭐️⭐️⭐️⭐️,,2020년 3월 17일 오전 10:59,2020,마셜 B. 로젠버그,진행중,Book
소년이 온다,,사이언스북스,SUPERSUPER,1980.05.18 5.18민주화 운동. 광주민주항쟁을 시작으로 독재정권의 폭력이 한국이라는 공간에서 개인의 삶에 어떤 형태의 상처를 남겼는지.,2020년 3월 18일 오후 4:24,2020,한강,완주,Book
마카로니 구멍의 비밀,,안그라픽스,⭐️⭐️⭐️⭐️,아주 즐겁고 유쾌한 디자인 에세이. 디자인이 가져다 주는 인생의 풍요로움과 합리성.쉽고 빨리 읽히지만 중요한 철학들을 담고 있다. 그리고 여행기도 맛깔나. 그리고 귀여워..,2020년 3월 18일 오후 8:55,2020,하라 켄야,완주,Book
시간은 흐르지 않는다,,,SUPERSUPER,,2020년 3월 18일 오후 8:56,2021,카를로 로벨리,완주,Book
아는 것으로부터의 자유,,물병자리,⭐️⭐️⭐️⭐️⭐️,,2020년 3월 20일 오후 3:18,2020,크리슈나무르티,완주,Book
지구에 대한 의무,,스리체어스,⭐️⭐️⭐️⭐️⭐️,,2020년 3월 20일 오후 3:29,2020,"다르 자메일, 스티븐 부라니, 조너선 왓츠, 폴 툴리스",완주,Book
선량한 차별주의자,,창비,,,2020년 3월 24일 오전 8:21,2022,김지혜,진행중,Book
유혹하는 글쓰기,,김영사,⭐️⭐️⭐️⭐️,,2020년 3월 28일 오전 9:47,2020,스티븐 킹,완주,Book
http://www.gqkorea.co.kr/2020/03/08/%eb%af%b8%ec%88%a0%ea%b3%84%ec%9d%98-%ed%99%94%eb%91%90%eb%a1%9c-%eb%96%a0%ec%98%a4%eb%a5%b8-%ec%9d%b8%eb%a5%98%ec%84%b8/?utm_source=naver&utm_medium=partnership,http://www.gqkorea.co.kr/2020/03/08/%eb%af%b8%ec%88%a0%ea%b3%84%ec%9d%98-%ed%99%94%eb%91%90%eb%a1%9c-%eb%96%a0%ec%98%a4%eb%a5%b8-%ec%9d%b8%eb%a5%98%ec%84%b8/?utm_source=naver&utm_medium=partnership,,,,2020년 3월 29일 오전 11:49,2020,윤원화,완주,Article
보이지 않는 말들,,현대문학,⭐️⭐️⭐️⭐️,,2020년 4월 4일 오후 1:40,2020,천경우,완주,Book
28,,은행나무,⭐️⭐️⭐️⭐️⭐️,,2020년 4월 12일 오후 6:38,2020,정유정,완주,Book
카페 림보,,워크룸프레스,⭐️⭐️⭐️,,2020년 4월 12일 오후 8:10,2020,김한민,완주,Graphic Book
책섬,,워크룸프레스,⭐️⭐️⭐️⭐️,,2020년 4월 12일 오후 8:14,2020,김한민,완주,Graphic Book
유리피데스에게,,새만화책,⭐️⭐️⭐️,,2020년 4월 12일 오후 8:14,2020,김한민,완주,Graphic Book
사브리나,,아르테,⭐️⭐️⭐️⭐️,,2020년 4월 12일 오후 8:18,2020,닉 드르나소,완주,Graphic Book
여자짐승아시아하기,,문학과 지성사,⭐️⭐️⭐️⭐️,,2020년 4월 15일 오후 9:51,2020,김혜순,진행중,Book
형태학 - 가지,,사이언스북스,,,2020년 4월 17일 오후 10:27,2020,필립 볼,진행중,Book
글쓰기의 최전선,,메멘토,⭐️⭐️⭐️⭐️⭐️,,2020년 4월 30일 오전 12:54,2020,은유,진행중,Book
식물생활,,,SUPERSUPER,,2020년 4월 30일 오후 10:26,2020,안난초,,Book
패왕별희,,,⭐️⭐️⭐️⭐️,중국근현대사와 예술가,2020년 5월 12일 오전 12:14,2020,천카이거,완주,Film
윤희에게,,,⭐️⭐️⭐️⭐️,"중년 퀴어여성의 첫사랑 찾기 이야깅 >< ",2020년 5월 12일 오전 12:14,2020,임대형,완주,Film
판의 미로,,,⭐️⭐️⭐️⭐️⭐️,"스페인 내전, 환상과 괴물과 진짜 괴물",2020년 5월 12일 오전 12:15,2020,기예르모 델 토로,완주,Film
더 리더(책 읽어주는 남자),,,⭐️⭐️⭐️⭐️,"나치, 악의 평범성을 로맨스로 얘기하다.",2020년 5월 24일 오후 11:52,2020,스티븐 돌드리,완주,Film
Why woman kill,,,⭐️⭐️⭐️⭐️⭐️,,2020년 5월 24일 오후 11:52,2020,,완주,TV Series
마녀,,,SUPERSUPER,,2020년 5월 25일 오전 12:12,2020,이가라시 다이스케,완주,Book
데일리 프랑스,,,⭐️⭐️⭐️,프랑스 유학생의 꺼끌한 유학생활기,2020년 5월 25일 오전 12:21,2020,경선,완주,Graphic Book
디스코 하렘,,,⭐️⭐️⭐️,조금 더 알아들을 수 있었어도 좋았을 거야,2020년 5월 25일 오전 12:21,2020,브레흐트 에번스,완주,Graphic Book
B급 며느리,,,⭐️⭐️⭐️⭐️,솔직해서 내가 다 시원한데 내가 다 죽을 것같은 정말 귀여운 며느리,2020년 5월 29일 오후 4:28,2020,선호빈,완주,Documentary
드라이브,,,⭐️⭐️⭐️⭐️⭐️,처음으로 라이언 고슬링이 잘생겨 보엿음,2020년 7월 1일 오후 7:23,2020,"니콜라스 빈딩 레픈, 라이언 고슬링, 케리 멀리건",완주,Film
걷기의 인문학,,,⭐️⭐️⭐️⭐️⭐️,오호잉 나 리베카 솔닛 좋아한다,2020년 7월 1일 오후 7:24,2020,리베카 솔닛,완주,Book
극장판 짱구는 못말려 8기:폭풍을 부르는 정글,,,⭐️⭐️⭐️,,2020년 7월 11일 오전 12:26,"2020, 2022",,완주,Film
메기,,,⭐️⭐️⭐️,"내 스타일은 아니긴 한데, 이 독특하게 잘만든 ..그런 게 잇음",2020년 7월 11일 오전 12:26,2020,"구교환, 던밀스, 문소리, 이옥섭, 이주영, 천우희",완주,Film
파리의 딜릴리,,,⭐️⭐️⭐️⭐️⭐️,아름다운데 여성 해방. 인종 차별이 다잇음..,2020년 7월 11일 오전 12:26,2020,미셸 오슬로,완주,Film
시체가 돌아왔다,,,⭐️⭐️⭐️,난 진짜 이범수는 아닌거같아.. 뻔한 한국영화 감성인데 뭐랄까 미감과.. 소재는 독특해..,2020년 7월 11일 오전 12:26,2020,"김옥빈, 류승범, 오정세, 우선호, 이범수",완주,Film
트라이앵글,,,⭐️⭐️⭐️,전설의 트라이앵글..,2020년 7월 11일 오전 12:26,2020,크리스토퍼 스미스,완주,Film
더 히트,,,⭐️⭐️⭐️⭐️,아 꽤나 재밌는 영화였음 나 멜리사 좋아하는 듯 ㅋ,2020년 7월 11일 오전 12:28,2020,"멜리사 맥카시, 산드라 블록, 폴 페이그",완주,Film
마이 매드 팻 다이어리,,,SUPERSUPER,나 이거 볼때마다 울고 치유되는 기분임,2020년 7월 11일 오전 12:28,2020,"샤론 루니, 조디 코머, 팀 커크비",완주,TV Series
쓰기의 말들,,유유출판사,⭐️⭐️⭐️⭐️,,2020년 7월 11일 오전 12:28,2020,은유,완주,Book
여름이야기,,,⭐️⭐️⭐️⭐️⭐️,,2020년 7월 29일 오후 9:37,2020,에릭 로메르,완주,Film
밤쉘,,,⭐️⭐️⭐️⭐️,,2020년 7월 29일 오후 9:37,2020,"니콜 키드먼, 마고 로비, 샤를리즈 테론, 제이 로치",완주,Film
깨끗한 존경,,헤엄출판사,⭐️⭐️⭐️⭐️⭐️,멋진 인터뷰 집. 인터뷰는 이렇게 하는건가 싶어,2020년 8월 18일 오후 7:00,2020,이슬아,완주,Book
희망대신 욕망,,푸른숲,⭐️⭐️⭐️⭐️⭐️,,2020년 8월 18일 오후 8:29,2020,김원영,완주,Book
실격당한 자들을 위한 변론,,사계절,⭐️⭐️⭐️⭐️⭐️,,2020년 8월 23일 오후 1:32,2020,김원영,완주,Book
뺑반,,,⭐️⭐️,,2020년 9월 5일 오후 12:59,2020,"공효진, 김고은, 류준열, 조정석, 한준희",완주,Film
우리들,,,⭐️⭐️⭐️⭐️,,2020년 9월 5일 오후 12:59,2020,윤가은,완주,Film
유령신부,,,SUPERSUPER,,2020년 9월 5일 오후 12:59,2020,팀 버튼,완주,Film
진정령,,,⭐️⭐️⭐️⭐️⭐️,위무선과 남망기의 청량 눈물 퇴마스토리..,2020년 9월 5일 오후 12:59,2020,"맹자의, 샤오잔, 왕일박",완주,TV Series
킬링이브,,,⭐️⭐️⭐️⭐️⭐️,,2020년 9월 5일 오후 1:00,2020,"루크 젠닝스, 산드라 오, 조디 코머, 피오나 쇼",완주,TV Series
헤드윅,,,⭐️⭐️⭐️,,2020년 9월 5일 오후 1:00,2020,존 캐머런 미첼,완주,Film
커피와 담배,,,⭐️⭐️⭐️⭐️⭐️,,2020년 9월 5일 오후 1:10,2020,"르네 프렌치, 빌 머레이, 이기 팝, 짐 자무시, 케이트 블란쳇, 톰 웨이츠",완주,Film
한시간 총서 - 새로운 질서,,,⭐️⭐️⭐️⭐️,,2020년 10월 12일 오후 5:10,2020,민구홍,완주,Book
델마와 루이스,,,⭐️⭐️⭐️⭐️⭐️,,2021년 1월 9일 오후 12:11,2020,"리들리 스콧, 브래드 피트, 수잔 서랜던, 지나 데이비스",완주,Film
레토,,,⭐️⭐️⭐️⭐️,,2021년 1월 9일 오후 12:11,2020,"유태오, 키릴 세레브렌니코프",완주,Film
만추,,,⭐️⭐️⭐️⭐️,,2021년 1월 9일 오후 12:12,2020,"김태용, 탕웨이, 현빈",완주,Film
우리집,,,⭐️⭐️⭐️⭐️⭐️,,2021년 1월 9일 오후 12:12,2020,윤가은,완주,Film
타짜,,,⭐️⭐️⭐️⭐️,,2021년 1월 9일 오후 12:12,2020,"최동훈, 허영만",완주,Film
브리짓존스의 일기,,,⭐️⭐️⭐️,,2021년 1월 9일 오후 12:12,2020,"르네 젤위거, 샤론 맥과이어, 콜린 퍼스, 휴 그랜트",완주,Film
매그놀리아,,,⭐️⭐️⭐️⭐️⭐️,,2021년 1월 9일 오후 12:14,2021,"멀린다 딜런, 줄리안 무어, 톰 크루즈, 폴 토머스 앤더슨, 필립 베이커 홀, 필립 시모어 호프만",완주,Film
마담 프루스트의 비밀정원,,,SUPERSUPER,,2021년 1월 9일 오후 12:14,2021,"기욤 구익스, 실벵 쇼메, 안느 르 나이",완주,Film
무드 인디고,,,⭐️⭐️⭐️⭐️,,2021년 1월 9일 오후 12:14,2021,미셸 공드리,완주,Film
아이 엠 러브,,,⭐️⭐️⭐️,,2021년 1월 9일 오후 12:14,2021,"루카 구아다니노, 틸다 스윈튼",완주,Film
보건교사 안은영,,,SUPERSUPER,,2021년 1월 9일 오후 12:16,2020,"남주혁, 정세랑, 정유미",완주,TV Series
카우보이 비밥,,,⭐️⭐️⭐️,,2021년 1월 9일 오후 12:17,2021,"고토 마사미, 와타나베 신이치로, 카와모토 토시히로",완주,Film
붉은돼지,,지브리,⭐️⭐️⭐️⭐️,,2021년 1월 9일 오후 10:27,2021,미야자키 하야오,완주,Film
What's a Product Designer,https://uxdesign.cc/whats-a-digital-product-designer-50e09a125efb,,⭐️⭐️⭐️,,2021년 1월 12일 오후 9:08,2021,,완주,Article
금속의 재발견 : 구리,https://horizon.kias.re.kr/16346/,,⭐️⭐️⭐️,,2021년 1월 17일 오후 3:29,2021,,완주,Article
Masashi Murakami applies digital effects to physical objects,https://www.itsnicethat.com/articles/masashi-murakami-affects-graphic-design-080120?utm_source=facebook&utm_medium=social&utm_campaign=intsocial&utm_content=fbroty&fbclid=IwAR12yx0Z40AKIgrcbpcHuX9aWZIpJ-5Hgia8O9dnYdARtJbkeKGTWYuHe1E,,⭐️⭐️⭐️⭐️,,2021년 1월 17일 오후 3:30,2021,,완주,Article
나폴레옹 다이너마이트,,,SUPERSUPER,,2021년 2월 4일 오후 5:43,2021,"재러드 헤스, 존 헤더",완주,Film
빨간 풍선,,,⭐️⭐️⭐️⭐️,동화 같은 영화. 자기 아들들이랑 찍었잖아 젠장,2021년 2월 4일 오후 5:43,2021,알베르 라모리스,완주,Film
고스트 스토리,,,SUPERSUPER,,2021년 2월 4일 오후 5:43,2021,"데이비드 로어리, 루니 마라, 케이시 애플렉",완주,Film
석양의 갱들,,,⭐️⭐️⭐️⭐️⭐️,,2021년 2월 7일 오후 11:41,2021,세르지오 레오네,완주,Film
"디독 1 : 이것만 지키자! ",https://mailchi.mp/677c7f6fabf0/reasign-5-feat,,⭐️⭐️⭐️,,2021년 2월 16일 오후 10:11,2021,,완주,Article
소울,,디즈니,⭐️⭐️⭐️⭐️,,2021년 4월 2일 오전 1:00,2021,"캠프 파워스, 피트 닥터",완주,Film
스파이브릿지,,,⭐️⭐️⭐️,,2021년 4월 2일 오전 1:01,2021,"스티븐 스필버그, 톰 행크스",완주,Film
해피투게더,,,⭐️⭐️⭐️⭐️,,2021년 4월 2일 오전 1:01,2021,"양조위, 왕가위, 장국영, 장첸",완주,Film
빈센조,,,⭐️⭐️⭐️,,2021년 4월 2일 오전 1:02,2021,"곽동연, 송중기, 옥택연, 전여빈",완주,TV Series
퀸스갬빗,,,⭐️⭐️⭐️,,2021년 4월 2일 오전 1:02,2021,"스콧 프랭크, 얀야 테일러 조이, 토머스 브로디생스터, 해리 멜링",진행중,TV Series
권외편집자,,컴인,⭐️⭐️⭐️⭐️,,2021년 4월 2일 오전 1:03,2021,츠즈키 쿄이치,완주,Book
아수라,,,⭐️⭐️⭐️,,2021년 4월 2일 오전 1:05,2021,"곽도원, 김성수, 정우성, 주지훈, 황정민",완주,Film
다소 곤란한 감정,,,⭐️⭐️⭐️⭐️⭐️,,2021년 4월 2일 오전 1:06,2021,김신식,완주,Book
"물욕 없는 시대, 생산자로서의 디자이너",,FDSC,⭐️⭐️⭐️⭐️,,2021년 4월 24일 오전 11:29,2021,FDSC,완주,Article
유물론,,,SUPERSUPER,,2021년 4월 24일 오전 11:31,2021,테리 이글턴,완주,Book
우리가 빛의 속도로 갈 수 없다면,,허블,SUPERSUPER,,2021년 4월 24일 오전 11:31,2021,김초엽,완주,Book
전략,,,⭐️⭐️⭐️⭐️,,2021년 4월 24일 오전 11:32,2021,,완주,Book
웃는 얼굴로 구워삶는 기술,,위즈덤하우스,⭐️⭐️⭐️⭐️,,2021년 4월 24일 오전 11:32,2021,로버트 치알디니,완주,Book
짧고 굵게 일합니다,,리더스북,⭐️⭐️⭐️⭐️,,2021년 5월 6일 오전 12:51,2021,곤도 마리에,완주,Book
당신과 나의 아이디어,,세개의 소원,⭐️⭐️⭐️⭐️,,2021년 5월 6일 오전 12:55,2021,김하나,진행중,Book
기이한것과 으스스한것,,구픽,⭐️⭐️⭐️⭐️⭐️,,2021년 5월 6일 오전 12:59,2021,마크 피셔,진행중,Book
인소,,,,,2021년 5월 6일 오전 1:09,2021,,진행중,Book
코스모스,,사이언스북스,,,2021년 5월 6일 오전 1:36,"2021, 2022",칼 세이건,진행중,Book
팬데믹 패닉,,북하우스,⭐️⭐️⭐️⭐️,,2021년 5월 6일 오전 1:55,2021,슬라보예 지젝,완주,Book
"어디갔어, 버나뎃",,,SUPERSUPER,,2021년 6월 3일 오전 12:22,2021,"리처드 링클레이터, 케이트 블란쳇, 크리스틴 위그",완주,Film
노매드 랜드,,,⭐️⭐️⭐️⭐️⭐️,,2021년 6월 3일 오전 12:23,2021,"클로이 자오, 프랜시스 맥도먼드",완주,Film
파이트클럽,,,⭐️⭐️⭐️⭐️,,2021년 6월 3일 오전 12:23,2021,"데이비드 핀처, 브래드 피트, 에드워드 노튼, 척 팔라닉, 헬레나 본헴카터",완주,Film
"Explain 세계를 해설하다 ",,,⭐️⭐️⭐️⭐️,,2021년 6월 3일 오전 12:26,2021,,완주,Documentary
Explain 돈을해설하다,,,⭐️⭐️⭐️⭐️,,2021년 6월 3일 오전 12:31,2021,,완주,Documentary
마리나 아브라모비치가 여기에 있다,,,⭐️⭐️⭐️⭐️,,2021년 6월 15일 오후 12:47,2021,"마리나 아브라모비치, 매튜 애커스",완주,Documentary
비비안 마이어를 찾아서,,,⭐️⭐️⭐️⭐️,,2021년 6월 15일 오후 12:48,2021,"비비안 마이어, 존 말루프",완주,Documentary
아이즈와이드셧,,,⭐️⭐️⭐️,,2021년 6월 15일 오후 12:49,2021,"니콜 키드먼, 스탠리 큐브릭, 톰 크루즈",완주,Film
레미제라블,,,⭐️⭐️⭐️,,2021년 6월 15일 오후 12:49,2021,래지 리,완주,Film
중경삼림,,,⭐️⭐️⭐️⭐️,,2021년 6월 15일 오후 12:51,2021,왕가위,완주,Film
비크람 : 요가 구루의 두 얼굴,,,⭐️⭐️⭐️,,2021년 6월 15일 오후 12:55,2021,에바 오너,완주,Documentary
카케구루이,,,⭐️⭐️⭐️,,2021년 6월 15일 오후 12:56,2021,"나오무라 토오루, 카와모토 호무라",완주,"Graphic Book, TV Series"
올드 가드,,,⭐️⭐️⭐️⭐️⭐️,,2021년 6월 15일 오후 12:57,2021,"샤를리즈 테론, 지나 프린스바이스우드",완주,Film
대한민국 원주민,,,⭐️⭐️⭐️⭐️⭐️,,2021년 6월 22일 오후 11:38,2021,최규석,완주,Graphic Book
시각디자인,,,,,2021년 6월 22일 오후 11:50,2021,리카르도 팔치넬리,진행중,Book
부의 추월차선 언스크립티드,,,,,2021년 6월 22일 오후 11:50,2021,엠제이 드마코,진행중,Book
설국열차,,,⭐️⭐️⭐️⭐️,,2021년 6월 22일 오후 11:51,"2017, 2021","뱅자맹 르그랑, 봉준호, 송강호, 자크 로브, 크리스 에반스, 틸다 스윈튼",완주,"Book, Film"
크루엘라,,디즈니,⭐️⭐️⭐️⭐️,,2021년 7월 1일 오후 7:21,2021,"엠마 스톤, 엠마 톰슨, 크레이그 길레스피, 토니 맥나마라",완주,Film
런치박스,,,SUPERSUPER,눈물 죌졸 다뜻따뜻,2021년 7월 1일 오후 7:21,2021,"리테쉬 바트라, 이르판 칸",완주,Film
마인,,,⭐️⭐️⭐️⭐️⭐️,김서형 이보영 내 심장 돌려줘,2021년 7월 1일 오후 7:29,2021,"김서형, 백미경, 이보영",완주,TV Series
그녀의 이름은 난노,,,⭐️⭐️⭐️,,2021년 7월 1일 오후 7:33,2021,,진행중,TV Series
루시퍼,,,⭐️⭐️⭐️⭐️,,2021년 7월 1일 오후 7:33,2021,"레슬리앤 브랜트, 로런 저먼, 톰 엘리스, 톰 카피노스",진행중,TV Series
남부의 여왕,,,,,2021년 7월 1일 오후 7:33,2021,,진행중,TV Series
알고리즘의 편견,,,⭐️⭐️⭐️⭐️,,2021년 7월 1일 오후 7:34,2021,샬리니 칸타야,완주,Documentary
언내추럴,,,⭐️⭐️⭐️⭐️,,2021년 7월 1일 오후 7:35,2021,"이시하라 사토미, 이우라 아라타, 이치카와 미카코, 츠카하라 아유코",완주,TV Series
"쏘아올린 불꽃, 밑에서 볼까? 옆에서 볼까?",,,⭐️⭐️⭐️⭐️,,2021년 7월 4일 오후 6:27,2021,이와이 슌지,완주,Film
동급생,,,⭐️⭐️⭐️,,2021년 7월 4일 오후 6:28,2021,,완주,TV Series
나의 문어선생님,,,⭐️⭐️⭐️⭐️⭐️,,2021년 7월 15일 오전 1:14,2021,"제임스 리드, 크레이그 포스터, 피파 에리치",완주,Documentary
매기스 플랜,,,⭐️⭐️⭐️⭐️,"Meet아이는 갖고 싶지만 결혼은 원치 않는 감성파 뉴요커 ‘매기’(그레타 거윅)는 소설가를 꿈꾸는 어른아이 같은 대학 교수 ‘존’(에단 호크)을 우연히 만나게 된다.• Love‘존’은 자신을 이해하고 소설을 좋아해주는 사랑스러운 ‘매기’와 불 같은 사랑에 빠지게 되고…• Maggie’s Plan‘존’과 결혼을 하고 그토록 원하던 귀여운 딸과 함께 행복한 결혼생활을 원했던 ‘매기’. 하지만 시간이 지날수록 ‘존’이 변해가는 것을 느끼게 되고, ‘매기’는 뜻밖의 결심을 하게 되는데….만나고, 사랑하고, 결혼하고…그 다음 차례가 궁금해지는 Maggie’s Plan!",2021년 7월 15일 오전 1:17,2021,"그레타 거윅, 레베카 밀러, 에단 호크, 줄리안 무어",완주,Film
블랙위도우,,,⭐️⭐️⭐️⭐️,"어벤져스의 히어로 블랙 위도우, ‘나타샤 로마노프’ (스칼렛 요한슨)는자신의 과거와 연결된 레드룸의 거대한 음모와 실체를 깨닫게 된다.상대의 능력을 복제하는 빌런 ‘태스크마스터’와 새로운 위도우들의 위협에 맞서목숨을 건 반격을 시작하는 ‘나타샤’는 스파이로 활약했던 자신의 과거 뿐 아니라,어벤져스가 되기 전 함께했던 동료들을 마주해야만 하는데…폭발하는 리얼 액션 카타르시스!7월, MCU의 새로운 시대를 시작할 첫 액션 블록버스터를 만끽하라!",2021년 7월 15일 오전 1:17,2021,"스칼렛 요한슨, 케이트 쇼트랜드, 플로렌스 퓨",완주,Film
좋좋소,,,⭐️⭐️⭐️⭐️⭐️,,2021년 7월 15일 오전 1:32,2021,빠니보틀,완주,TV Series
늑대아이,,스튜디오 지즈,⭐️⭐️⭐️⭐️,,2021년 7월 15일 오전 1:32,2021,호소다 마모루,완주,Film
5whys로 디자인에 설득력더하기,https://brunch.co.kr/@cliche-cliche/113,,,,2021년 7월 15일 오전 11:43,2021,,완주,Article
임팩트 커리어 강연,,,,,2021년 7월 15일 오후 3:38,2021,,완주,Program
정원만들기,,,⭐️⭐️⭐️⭐️,,2021년 7월 15일 오후 3:38,2021,,완주,Exhibition
노토폴리오 디자인 윤리 강연,,,,,2021년 7월 15일 오후 4:07,2021,,완주,Program
"브런치로 셀프 브랜딩 시작하기- ",https://brunch.co.kr/@cliche-cliche/111,,,브런치로 글을 쓰며 시작하는 셀프브랜딩 팁,2021년 7월 19일 오후 8:59,2021,,완주,Article
그들은 알지만 당신은 모르는 30가지,,,,,2021년 7월 19일 오후 10:00,,,궁금,Book
"지금, 디자인에 윤리가 필요한 이유",https://brunch.co.kr/@cliche-cliche/96,,,,2021년 7월 19일 오후 10:15,2021,,완주,Article
머니레터 0720,,,,,2021년 7월 20일 오후 10:05,2021,,완주,Article
꼭 필요한 만큼의 리서치,,,⭐️⭐️⭐️⭐️,,2021년 7월 23일 오전 12:55,2021,,완주,Book
소유냐 존재냐,,,⭐️⭐️⭐️⭐️⭐️,,2021년 8월 1일 오전 12:08,2021,에리히 프롬,완주,Book
바그다드 카페,,,SUPERSUPER,,2021년 8월 17일 오후 11:54,2021,퍼시 아들론,완주,Film
《이력서를 잘 쓰려면》,,,,,2021년 8월 19일 오후 7:55,2021,,진행중,Article
남색대문,,,⭐️⭐️⭐️⭐️,계륜미 내 심장 돌려놔,2021년 8월 25일 오전 1:02,2021,"계륜미, 이치엔",완주,Film
청바지 돌려입기,,,⭐️⭐️⭐️⭐️,,2021년 8월 28일 오전 1:21,2021,"블레이크 라이블리, 켄 콰피스",완주,Film
금발이 너무해,,,⭐️⭐️⭐️,,2021년 8월 28일 오전 1:21,2021,"로버트 루케틱, 리즈 위더스푼",완주,Film
모가디슈,,,⭐️⭐️⭐️⭐️⭐️,,2021년 10월 8일 오후 11:42,2021,"구교환, 김소진, 김윤석, 류승완, 박경혜, 정만식, 조인성, 허준호",완주,Film
파프리카,,,⭐️⭐️⭐️⭐️,,2021년 10월 8일 오후 11:43,2021,"곤 사토시, 쓰쓰이 야스타카",완주,Film
라스트 듀얼,,,⭐️⭐️⭐️⭐️,,2021년 10월 25일 오전 12:03,2021,리들리 스콧,완주,Film
킹덤,,,SUPERSUPER,,2021년 10월 25일 오전 12:05,2021,"김은희, 배두나, 전지현, 주지훈, 허준호",완주,TV Series
에놀라 홈즈,,,⭐️⭐️⭐️,,2021년 10월 25일 오전 12:06,2021,"밀리 보비 브라운, 헤리 브레드비어",완주,Film
슬기로운 의사생활,,,⭐️⭐️⭐️⭐️,,2021년 10월 25일 오전 12:07,2021,"신원호, 유연석, 이우정, 전미도, 정경호, 조정석",완주,TV Series
샹치와 텐링즈의 전설,,디즈니,⭐️⭐️⭐️,,2021년 10월 25일 오전 12:08,2021,"데스틴 다니엘 크레톤, 시무리우, 아콰 피나, 양자경, 양조위, 장멍얼",완주,Film
프리 가이,,,⭐️⭐️⭐️⭐️,,2021년 10월 25일 오전 12:09,2021,"라이언 레이놀즈, 숀 레비, 조 키어리, 조디 코머",완주,Film
와인 패밀리,,,⭐️⭐️⭐️,,2021년 10월 25일 오전 12:10,2021,"숀 시스터나, 조 판톨리아노",완주,Film
피닉스,,,SUPERSUPER,,2021년 10월 25일 오전 12:10,2021,"니나 호스, 로널드 제르펠트, 크리스티안 페촐트",완주,Film
테넷,,,⭐️⭐️⭐️⭐️,,2021년 10월 25일 오전 12:11,2021,"로버트 패틴슨, 존 데이비드 워싱턴, 크리스토퍼 놀란",완주,Film
하나와 앨리스,,,⭐️⭐️⭐️⭐️,,2021년 10월 25일 오전 12:12,2021,"아오이 유우, 이와이 슌지",완주,Film
쟈니 익스프레스,,,⭐️⭐️⭐️⭐️⭐️,애니메이션,2021년 10월 25일 오전 12:13,2021,"우경민, 지상 킴",완주,Film
레이디스 나잇,,,⭐️⭐️⭐️⭐️,,2021년 10월 25일 오전 12:13,2021,"루시아 애니엘로, 스칼렛 요한슨, 조이 크래비츠, 질리언 벨, 케이트 맥키넌",완주,Film
꿈이 나에게 건네는 말,,위즈덤하우스,⭐️⭐️⭐️,,2021년 11월 29일 오후 2:39,2021,고혜경,완주,Book
축소주의자가 되기로 했다,,카멜북스,⭐️⭐️⭐️⭐️,,2021년 11월 29일 오후 2:42,2021,이보람,완주,Book
신령님이 보고계셔,,위즈덤하우스,⭐️⭐️⭐️⭐️,,2021년 11월 29일 오후 2:48,2021,홍칼리,완주,Book
기적의 만다라트,,책비,⭐️⭐️⭐️,,2021년 11월 29일 오후 2:50,2021,"시바야마 겐타로, 하라다 다카시",완주,Book
한국의 그림책 작가들에게 묻다,,한겨레출판,SUPERSUPER,,2021년 11월 29일 오후 2:55,2021,최혜진,완주,Book
아름다움을 만드는 일,,온다프레스,,,2021년 11월 29일 오후 3:45,2021,윌리엄 모리스,진행중,Book
나의 사적인 예술가들(오디오북),,을유문화사,⭐️⭐️⭐️⭐️,,2021년 11월 29일 오후 4:05,2021,윤혜정,완주,Book
그린 파파야 향기,,,SUPERSUPER,,2021년 11월 29일 오후 4:20,2021,쩐아인훙,완주,Film
프렌치 디스패치,,,SUPERSUPER,,2021년 11월 29일 오후 4:21,2021,"레아 세이두, 리나 쿠드리, 베니시오 델 토로, 빌 머레이, 스티브 박, 시얼샤 로넌, 에드워드 노튼, 에이드리언 브로디, 오웬 윌슨, 웨스 앤더슨, 윌렘 대포, 제프리 라이트, 케이트 윈슬렛, 토니 레볼로리, 티모시 샬라메, 틸다 스윈튼, 프랜시스 맥도먼드",완주,Film
미술관 옆 동물원,,,⭐️⭐️⭐️⭐️,,2021년 11월 29일 오후 4:21,2021,"심은하, 안성기, 이성재, 이정향",완주,Film
구경이,,,SUPERSUPER,,2021년 11월 29일 오후 4:24,2021,"곽선영, 김혜숙, 김혜준, 박지빈, 백성철, 성초이, 이영애, 이정흠, 이홍내, 조현철",완주,TV Series
번 애프터 리딩,,,⭐️⭐️⭐️⭐️,,2021년 11월 29일 오후 4:24,2021,"브래드 피트, 조지 클루니, 존 말코비치, 코엔 형제, 틸다 스윈튼, 프랜시스 맥도먼드",완주,Film
수도자처럼 생각하기,,다산북스,⭐️⭐️⭐️⭐️,,2021년 12월 17일 오후 11:03,2021,제이 셰티,완주,Book
올해의 작가상 2021,,,⭐️⭐️⭐️⭐️⭐️,,2021년 12월 17일 오후 11:46,2021,,완주,Exhibition
"MMCA 현대차 시리즈 2021:문경원 전준호 미지에서 온 소식, 자유의 마을",,,⭐️⭐️⭐️⭐️,,2021년 12월 17일 오후 11:46,2021,,완주,Exhibition
프로젝트 해시태그 2021,,,⭐️⭐️⭐️,,2021년 12월 17일 오후 11:46,2021,,완주,Exhibition
사랑할 때 이야기하는 것들,,,⭐️⭐️⭐️⭐️⭐️,,2021년 12월 18일 오전 12:01,2021,"변승욱, 최은영, 한석규",완주,Film
헤이조이스 NFT 특강,,,⭐️⭐️⭐️⭐️,,2021년 12월 20일 오후 2:15,2021,,완주,Program
환상의 버섯,,,SUPERSUPER,,2021년 12월 20일 오후 2:16,2021,루이 슈왈츠버그,완주,Documentary
엘르,,,⭐️⭐️⭐️⭐️,,2021년 12월 20일 오후 2:16,2021,"이자벨 위페르, 파울 페르후번",완주,Film
첨밀밀 Almost a Love story,,,⭐️⭐️⭐️⭐️⭐️,"사랑에 빠지는 장면의 묘사와, 복잡다단한 사람의 마음과, 그럼에도 운명적인 사랑에 대한 이야기. 한 번 더 보고싶어",2022년 1월 12일 오후 10:24,2022,"리밍, 장만옥, 쩡쯔웨이, 천커신",완주,Film
식물 저승사자,,지콜론북,⭐️⭐️⭐️⭐️,귀여운 식물 일대기,2022년 1월 12일 오후 10:24,2022,"박정은, 정수진",완주,Book
로건 럭키,,,⭐️⭐️⭐️⭐️,"적당히 재밌는 강도 이야기. 스타일리쉬하기보단 빈곤한, 하자 있는 사람들의 한방?  ",2022년 1월 12일 오후 10:26,2022,"다니엘 크레이그, 라일리 키오, 스티븐 소더버그, 아담 드라이버, 채닝 테이텀",완주,Film
비수기의 전문가들,,워크룸프레스,SUPERSUPER,,2022년 1월 31일 오후 3:47,2017,김한민,완주,Graphic Book
"아무튼, 비건",,위고,SUPERSUPER,,2022년 1월 31일 오후 3:48,2018,김한민,완주,Book
사랑도 보류가 되나요,,북스토리,⭐️⭐️⭐️⭐️,"상당히 시적이고 추상적이지만, 어떤 흐름이 명확히 느껴짐",2022년 1월 31일 오후 4:23,2018,마리옹 파욜,완주,Graphic Book
짱구 극장판 11기 : 영광의 불고기 로드,,,⭐️⭐️⭐️⭐️,꽤 재밌고 작화가 좋음,2022년 1월 31일 오후 5:24,2022,,완주,Film
짱구 극장판 9기 : 어른제국의 역습,,,⭐️⭐️⭐️⭐️⭐️,"향수를 불러일으키는, 조금은 슬픈",2022년 1월 31일 오후 5:24,2022,,완주,Film
짱구 극장판 10기 : 태풍을 부르는 장엄한 전설의 전투,,,⭐️⭐️⭐️⭐️⭐️,"새드앤딩, 단정하고 옛날 영상미, 전쟁의 아픔",2022년 1월 31일 오후 5:24,2022,,완주,Film
짱구 극장판 5기 : 암흑 타마타마 대추적,,,⭐️⭐️⭐️,이런걸 애들 보라고 만들어도 되는지는 모르겠지만 머랄까 짱구의 가장 정수..?,2022년 1월 31일 오후 5:26,2022,,완주,Film
짱구 극장판 7기 : 폭발! 온천 부글부글 대작전,,,⭐️⭐️⭐️,웃기긴 했나.. 먼가 젤 재미 없엇음,2022년 1월 31일 오후 5:26,2022,,완주,Film
케이트 앤 레오폴드,,,⭐️⭐️⭐️,이야기 자체가 재미는 없었는데 그시절 옷과 풍경보는 재미가 쏠쏠했음. 휴잭맨 존나 잘생김 ㅠ,2022년 1월 31일 오후 5:27,2022,"맥 라이언, 제임스 맨골드, 휴 잭맨",완주,Film
퀴어 아이,,,⭐️⭐️⭐️⭐️⭐️,이 시대에 필요한 힐링 예능..,2022년 1월 31일 오후 5:29,2022,"데이비드 콜린스, 바비 버크, 안토니 퍼로스키, 조너선 밴 네스, 카라모 브라운, 탠 프랜스",완주,TV Series
마녀 배달부 키키,,지브리,⭐️⭐️⭐️⭐️,"지브리의 영웅은 소녀들. ",2022년 1월 31일 오후 5:31,2022,미야자키 하야오,완주,Film
어나더 라운드,,,⭐️⭐️⭐️⭐️⭐️,술로 무언가를 해결하려 하지 맙시다.. 매즈 미켈슨은 잘생겼음,2022년 1월 31일 오후 5:32,2022,"매즈 미켈슨, 토마스 빈터베르",완주,Film
왕좌의 게임,,,SUPERSUPER,,2022년 1월 31일 오후 5:55,2016,,진행중,TV Series
스트레인지 띵스,,,⭐️⭐️⭐️⭐️⭐️,,2022년 1월 31일 오후 5:56,2018,,완주,TV Series
솔로몬의 위증,,,⭐️⭐️⭐️⭐️,,2022년 1월 31일 오후 5:56,"2016, 2017",,완주,TV Series
오베라는 남자,,,⭐️⭐️⭐️⭐️,,2022년 1월 31일 오후 6:19,2017,,완주,Film
쉐이프 오브 워터,,,SUPERSUPER,,2022년 1월 31일 오후 6:20,2017,"기예르모 델 토로, 마이클 섀넌, 셸리 호킨스, 옥타비아 스펜서",완주,Film
내 사랑,,,⭐️⭐️⭐️⭐️,캐나다 화가 모드 루이스의 사랑과 삶과 그림,2022년 1월 31일 오후 6:21,2017,"셸리 호킨스, 에단 호크, 에이슬링 월시",완주,Film
자기만의 방,,민음사,⭐️⭐️⭐️⭐️⭐️,,2022년 1월 31일 오후 6:23,2017,버지니아 울프,완주,Book
엑시트,,,⭐️⭐️⭐️⭐️,,2022년 1월 31일 오후 6:24,2019,"윤아, 이상근, 조정석",완주,Film
여성혐오를 혐오한다,,은행나무,⭐️⭐️⭐️⭐️⭐️,,2022년 1월 31일 오후 6:26,2015,우에노 치즈코,완주,Book
거울 앞에서 너무 많은 시간을 보냈다,,웅진하우스,⭐️⭐️⭐️⭐️,,2022년 1월 31일 오후 6:27,2017,러네이 엥겔른,완주,Book
동물을 먹는다는 것에 대하여,,,⭐️⭐️⭐️⭐️⭐️,,2022년 1월 31일 오후 6:29,2017,"나탈리 포트만, 크리스토퍼 딜런 퀸",완주,Documentary
더 게임 체인저스,,,⭐️⭐️⭐️⭐️⭐️,,2022년 1월 31일 오후 6:31,2019,"루이 시호요스, 성룡, 아놀드 슈왈제네거",완주,Documentary
"사랑할까, 먹을까",,휴,⭐️⭐️⭐️⭐️⭐️,감정적으로 논리적으로 잘 정리한 책,2022년 1월 31일 오후 6:35,2022,황윤,완주,Book
잡식가족의 딜레마,,,⭐️⭐️⭐️⭐️⭐️,,2022년 1월 31일 오후 6:37,,황윤,완주,Documentary
저스트 키즈,,아트 북스,⭐️⭐️⭐️⭐️⭐️,패티 스미스와 로버트 메이플소프 젊은 날의 자화상,2022년 1월 31일 오후 6:47,2022,패티 스미스,완주,Book
아무개씨의 수상한 저녁,,,⭐️⭐️⭐️⭐️⭐️,,2022년 1월 31일 오후 6:49,2022,요안나 콘세이요,완주,Graphic Book
마지막 거인,,디자인 하우스,SUPERSUPER,,2022년 1월 31일 오후 6:49,2022,프랑수아 플라스,완주,Graphic Book
꽃들의 말,,,⭐️⭐️⭐️⭐️,,2022년 1월 31일 오후 6:49,2022,"요안나 콘세이요, 장 프랑수아 샤바",완주,Graphic Book
곰사냥을 떠나자,,시공주니어,⭐️⭐️⭐️,,2022년 1월 31일 오후 6:50,2021,"마이클 로젠, 헬린 옥스버리",완주,Graphic Book
이상한 화요일,,,⭐️⭐️⭐️⭐️,,2022년 1월 31일 오후 6:50,2019,데이비드 위즈너,완주,Graphic Book
공룡 싱클레어의 하루,,,⭐️⭐️⭐️⭐️⭐️,골때림,2022년 1월 31일 오후 6:50,2022,"안젤리카 카우프만, 프리테리케 미이뢰커",완주,Graphic Book
야호 비온다,,,⭐️⭐️⭐️⭐️⭐️,,2022년 1월 31일 오후 6:50,2021,피터 스피어,완주,Graphic Book
모자 사세요,,,⭐️⭐️⭐️⭐️⭐️,,2022년 1월 31일 오후 6:50,2021,에스퍼 슬로보드키나,완주,Graphic Book
이건 꿈일 뿐이야,,,⭐️⭐️⭐️⭐️,,2022년 1월 31일 오후 6:51,2021,크리스 반 알스버그,완주,Graphic Book
눈사람 아저씨,,,⭐️⭐️⭐️⭐️⭐️,,2022년 1월 31일 오후 6:52,2022,레이먼드 브리그스,완주,Graphic Book
세상에서 가장 멋진 장례식,,,⭐️⭐️⭐️⭐️,,2022년 1월 31일 오후 6:55,2021,울프 닐손,완주,Graphic Book
크리스마스의 악몽,https://music.youtube.com/watch?v=VgL4graXGOo&feature=share,,SUPERSUPER,,2022년 1월 31일 오후 9:04,,팀 버튼,완주,
지구 끝의 온실,,,⭐️⭐️⭐️⭐️⭐️,"식물이..세상을.. 지배한다..!! ",2022년 2월 5일 오전 11:40,2022,김초엽,완주,Book
라이더스 오브 저스티스,,,⭐️⭐️⭐️⭐️⭐️,웃기고.. 부시고. .다해.. 너무 따뜻하고 재밌는 부서진 사람들의 영화,2022년 2월 5일 오후 1:20,2022,"매즈 미켈슨, 앤더스 토머스 옌센",완주,Film
아름다운 날들,,,⭐️⭐️⭐️⭐️⭐️,,2022년 2월 14일 오후 12:58,2022,장 쟈크 샹페,완주,Graphic Book
짱구 극장판 12기 : 폭풍을 부르는 석양의 떡잎마을 방범대,,,⭐️⭐️⭐️,"어.. 폭주한다 ",2022년 2월 14일 오후 1:07,2022,,완주,Film
싸이보그지만 괜찮아,,,⭐️⭐️⭐️⭐️⭐️,,2022년 2월 18일 오전 12:24,2022,"박찬욱, 비, 임수정",완주,Film
일장춘몽,,,⭐️⭐️⭐️⭐️,,2022년 2월 21일 오전 12:45,2022,"김옥빈, 박정민, 박찬욱, 유해진",완주,Film
리코리쉬 피자,,,⭐️⭐️⭐️,,2022년 2월 21일 오전 12:48,2022,"쿠퍼 호프만, 폴 토머스 앤더슨",완주,Film
좀머씨 이야기,,,⭐️⭐️⭐️⭐️,,2022년 2월 24일 오전 9:55,2022,파트리크 쥐스킨트,완주,Book
레디 플레이어 원,,,⭐️⭐️⭐️⭐️,,2022년 2월 26일 오후 7:45,2022,스티븐 스필버그,완주,Film
크립토 주,,,⭐️⭐️⭐️⭐️,,2022년 2월 27일 오후 6:18,2022,대쉬 쇼,완주,Film
페기 구겐하임:아트애딕트,,,⭐️⭐️⭐️⭐️,,2022년 2월 27일 오후 6:20,2022,"로버트 드 니로, 리사 아모르디노 브리랜드, 마리나 아브라모비치",완주,Documentary
존 버거의 사계,,,⭐️⭐️⭐️⭐️⭐️,,2022년 2월 27일 오후 6:22,2022,"존 버거, 틸다 스윈튼",완주,Film
다른 방식으로 보기 | Ways of Seeing,,열화당,⭐️⭐️⭐️⭐️⭐️,,2022년 2월 27일 오후 6:24,2022,존 버거,완주,Book
사이의 거리,,,SUPERSUPER,,2022년 3월 12일 오전 11:43,2022,리베카 솔닛,완주,Book
소년심판,,,⭐️⭐️⭐️,,2022년 3월 12일 오전 11:47,2022,김혜수,완주,TV Series
나이트매어 앨리,,,⭐️⭐️⭐️⭐️⭐️,,2022년 3월 15일 오후 11:52,2022,"기예르모 델 토로, 루니 마라, 브레들리 쿠퍼, 케이트 블란쳇",완주,Film
경계선,,,⭐️⭐️⭐️⭐️⭐️,,2022년 3월 25일 오후 12:55,2022,"알리 아바시, 에바 멜란데르",완주,Film
홀리모터스,,,⭐️⭐️⭐️⭐️,,2022년 3월 25일 오후 12:56,2022,"드니 라방, 레오 까락스",완주,Film
아네트,,,⭐️⭐️⭐️,,2022년 3월 25일 오후 12:57,2022,"레오 까락스, 마리옹 꼬띠아르, 아담 드라이버",완주,Film
마르지엘라,,,⭐️⭐️⭐️⭐️,,2022년 3월 25일 오후 1:00,2022,,완주,Documentary
블레이드 러너 2049,,,⭐️⭐️⭐️⭐️,,2022년 3월 25일 오후 1:02,2022,"드니 빌뇌브, 라이언 고슬링",완주,Film
애니 레보비츠 : 렌즈를 통해 들여다본 삶,,,⭐️⭐️⭐️⭐️,,2022년 3월 25일 오후 1:18,2022,"수전 손택, 애니 레보비츠",완주,Film
"가령, 역사의 밖에서 역사를 쓸 수 있을까?",https://brunch.co.kr/@sceneryoftoday/8,,⭐️⭐️⭐️⭐️⭐️,,2022년 3월 25일 오후 1:42,2022,신인아,완주,Article
은둔기계,,,SUPERSUPER,,2022년 3월 25일 오후 3:15,2022,김홍중,완주,Book
노인을 위한 나라는 없다,,,⭐️⭐️⭐️⭐️⭐️,,2022년 3월 29일 오후 2:47,2022,"코엔 형제, 토머 리 존스, 하비에르 바르뎀",완주,Film
기상청 사람들,,,⭐️⭐️⭐️,,2022년 4월 3일 오후 1:11,2022,"박민영, 송강",완주,TV Series
모브사이코100,,,⭐️⭐️⭐️⭐️,,2022년 4월 6일 오후 11:45,2022,,진행중,TV Series
박쥐,,,SUPERSUPER,,2022년 4월 6일 오후 11:45,2022,"김옥빈, 김해숙, 박찬욱, 송강호",완주,Film
앤디워홀일기,,,,,2022년 4월 6일 오후 11:47,2022,,진행중,"Documentary, TV Series"
워터릴리스,,,SUPERSUPER,,2022년 4월 6일 오후 11:48,2022,"셀린 시아마, 아델 에넬",완주,Film
애비규환,,,SUPERSUPER,,2022년 4월 8일 오후 3:44,2022,"강말금, 남문철, 신재휘, 이해영, 장혜진, 정수정, 최덕문, 최하나",완주,Film
아메리칸 싸이코,,,⭐️⭐️⭐️⭐️,,2022년 4월 24일 오후 11:07,2022,"메리 해론, 윌렘 대포, 자레드 레토, 크리스챤 베일",완주,Film
시리어스 맨,,,⭐️⭐️⭐️⭐️,,2022년 4월 24일 오후 11:08,2022,"리처드 카인드, 마이클 스털버그, 코엔 형제, 프레드 멜라메드",완주,Film
세자매,,,SUPERSUPER,,2022년 5월 4일 오전 12:47,2022,"김가희, 김선영, 문소리, 이승원, 장윤주",완주,Film
하트스토퍼 시즌 1,,,⭐️⭐️⭐️⭐️⭐️,,2022년 5월 4일 오전 12:47,2022,앨리스 오스먼,완주,TV Series
몸값,,,⭐️⭐️⭐️⭐️⭐️,,2022년 5월 4일 오전 12:48,2022,"박형수, 이주영, 이충현",완주,Film
올드보이,,,⭐️⭐️⭐️⭐️⭐️,,2022년 5월 4일 오전 12:49,2022,"강혜정, 박찬욱, 유지태, 최민식",완주,Film
메이플 쏘프,,,⭐️⭐️⭐️,,2022년 5월 5일 오전 1:42,2022,"랜디 바바토, 펜튼 베일리",완주,Film
철학vs철학,,,,,2022년 5월 5일 오후 10:53,2022,강신주,진행중,Book
애도일기,,,⭐️⭐️⭐️⭐️,,2022년 5월 13일 오후 9:48,2022,롤랑 바르트,완주,Book
Earth Tech 지구가 허락할 때까지,,,⭐️⭐️⭐️⭐️,,2022년 6월 3일 오후 10:48,2022,이병한,완주,Book
부자연의 선택,https://www.netflix.com/watch/80208833?source=35&trackId=254743534,,⭐️⭐️⭐️⭐️,,2022년 6월 12일 오전 11:49,2022,"레이어 카우프만, 조 에젠더",완주,Documentary
슈퍼맨 각성제,,,⭐️⭐️⭐️,,2022년 6월 13일 오전 12:44,2022,앨리슨 클레이만,완주,Documentary
고양이를 부탁해,,,⭐️⭐️⭐️⭐️⭐️,,2022년 6월 25일 오후 4:08,2022,"배두나, 옥고운, 이요원, 정재은",완주,Film
강구바이 카티아와디 : 마피아 퀸,,,⭐️⭐️⭐️⭐️,,2022년 6월 25일 오후 4:10,2022,"산자이 릴라 반살리, 알리아 바트",완주,Film
천하장사 마돈나,,,⭐️⭐️⭐️⭐️,,2022년 6월 25일 오후 4:20,2022,"김윤석, 류덕환, 문세윤, 백윤식, 이상아, 이언, 이해영, 이해준",완주,Film
브리저튼 2,,Netflix,⭐️⭐️⭐️⭐️,,2022년 6월 25일 오후 4:25,2022,시몬 애슐리,완주,TV Series
아들러의 인간이해,,,⭐️⭐️⭐️⭐️,,2022년 6월 25일 오후 4:27,2022,알프레드 아들러,완주,Book
아빠 풍선,,,SUPERSUPER,,2022년 6월 25일 오후 4:30,2022,박새한,완주,Graphic Book
더 이상 아이를 먹을 수는 없어!,,고트,⭐️⭐️⭐️⭐️⭐️,,2022년 6월 25일 오후 4:31,2022,"로이크 프루아사르, 콜린 피에레",완주,Graphic Book
MOMO TWINS,,,⭐️⭐️⭐️⭐️⭐️,,2022년 6월 25일 오후 4:32,2022,하호하호,완주,Graphic Book
달까지 가자,,,⭐️⭐️⭐️,,2022년 6월 25일 오후 9:19,2022,장류진,완주,Book
호랑이는 왜 바다로 갔나,,,⭐️⭐️⭐️⭐️,,2022년 7월 6일 오후 1:17,2022,윤대녕,완주,Book
헤어질 결심,,,SUPERSUPER,,2022년 7월 6일 오후 1:19,2022,"박찬욱, 박해일, 탕웨이",완주,Film
릴리 슈슈의 모든 것,,,⭐️⭐️⭐️⭐️⭐️,,2022년 7월 6일 오후 1:20,2022,"아오이 유우, 오시나리 슈고, 이와이 슌지, 이치하라 하야토, 이토 아유미",완주,Film
,,,,,2022년 7월 12일 오후 1:33,2021,,,
존 말코비치되기,,,⭐️⭐️⭐️⭐️⭐️,,2022년 7월 18일 오후 11:43,2022,"존 말코비치, 존 쿠삭, 카메론 디아즈",완주,Film
드라큐라,,,,,2022년 7월 23일 오전 10:17,2022,"게리 올드만, 앤서니 홉킨스, 위노나 라이더, 키아누 리브스, 프란시스 포드 코폴라",진행중,Film
이상한 변호사 우영우,,,⭐️⭐️⭐️⭐️⭐️,,2022년 7월 23일 오전 10:17,2022,,완주,TV Series
유령인데 어쩌라고,,,⭐️⭐️,,2022년 7월 23일 오전 10:28,2022,,완주,TV Series
프랑켄슈타인,,문학동네,⭐️⭐️⭐️⭐️⭐️,,2022년 7월 23일 오전 10:29,2022,"김선형, 메리 셸리",완주,Book
바후발리,,,⭐️⭐️⭐️⭐️⭐️,,2022년 8월 2일 오후 1:23,2022,,완주,Film
RRR,,,⭐️⭐️⭐️⭐️⭐️,,2022년 8월 2일 오후 1:23,2022,,완주,Film
서양미술사,,,SUPERSUPER,,2022년 8월 3일 오후 3:12,2022,E.H.곰브리치,진행중,Book
퍼펙트 케어,,,⭐️⭐️⭐️⭐️,,2022년 8월 27일 오전 12:41,2022,,완주,Film
"여보,나의 마누라, 나의 애인",,,⭐️⭐️⭐️⭐️,,2022년 8월 27일 오전 12:42,2022,,완주,Book
별을 심는 자들,,,⭐️⭐️⭐️⭐️⭐️,,2022년 9월 4일 오전 12:31,2022,로이스 파티뇨,완주,Film
멋진세계,,,SUPERSUPER,,2022년 9월 4일 오전 1:13,2022,,완주,Film
사랑하면 누구나 최악이 된다,,,⭐️⭐️⭐️⭐️,,2022년 9월 4일 오전 1:14,2022,,완주,Film
애프터양,,,⭐️⭐️⭐️⭐️⭐️,,2022년 9월 13일 오전 1:26,2022,,완주,Film
아멘어맨,,,⭐️⭐️⭐️⭐️,,2022년 10월 11일 오후 3:35,2022,,완주,Film
줄리아나 도쿄,,,⭐️⭐️⭐️⭐️,,2022년 10월 11일 오후 3:35,2022,,완주,Book
정직한 후보,,,⭐️⭐️⭐️⭐️,,2022년 10월 11일 오후 3:35,2022,,완주,Film
인형이야기,,,SUPERSUPER,,2022년 10월 11일 오후 3:35,2022,,완주,Film
물고기는 존재하지 않는다,,,SUPERSUPER,,2022년 10월 21일 오후 5:17,2022,,완주,Book
스내치,,,⭐️⭐️⭐️⭐️⭐️,,2022년 10월 21일 오후 5:17,2022,가이 리치,완주,Film
그랜토리노,,,⭐️⭐️⭐️⭐️⭐️,,2022년 11월 7일 오전 1:51,2022,,완주,Film
에브리띵 에브리웨어 올앳원스,,,SUPERSUPER,,2022년 11월 7일 오전 1:51,2022,,완주,Film
나이트 피셔,,,⭐️⭐️⭐️,,2022년 11월 7일 오전 1:52,2022,,완주,Graphic Book
이만하면 괜찮은 결심,,,⭐️⭐️⭐️⭐️,,2022년 11월 7일 오전 1:52,2022,,완주,Graphic Book
두 마녀 이야기,,,⭐️⭐️⭐️⭐️,,2022년 11월 7일 오전 1:52,2022,,완주,Graphic Book
귀멸의 칼날,,,⭐️⭐️⭐️,,2022년 11월 7일 오전 1:52,2022,,완주,Graphic Book
뮤,,,⭐️⭐️⭐️⭐️,,2022년 11월 24일 오전 1:53,2022,데즈카 오사무,완주,Graphic Book
아돌프에게 고한다,,,⭐️⭐️⭐️⭐️⭐️,,2022년 11월 24일 오전 1:54,2022,데즈카 오사무,완주,Graphic Book
더 메뉴,,,⭐️⭐️⭐️⭐️,,2022년 11월 24일 오전 1:55,2022,"니콜라스 홀트, 레이프 파인스, 마크 미로드, 안야 테일러 조이",완주,Film
정직한 후보 2,,,⭐️⭐️⭐️⭐️,,2022년 11월 24일 오전 1:56,2022,"라미란, 장유정",완주,Film
7층,,,⭐️⭐️⭐️⭐️⭐️,,2022년 11월 24일 오전 1:56,2022,오사 게렌발,완주,Graphic Book
웬즈데이 아담스,,,⭐️⭐️⭐️,,2022년 12월 1일 오전 12:37,2022,,완주,TV Series
아멜리에,,,⭐️⭐️⭐️⭐️⭐️,,2022년 12월 1일 오전 12:37,2022,,완주,Film
최재천의 공부,,,⭐️⭐️⭐️⭐️⭐️,,2022년 12월 1일 오전 12:39,2022,,완주,Book
"책장을 번지다, 예술을 읽다",,이음,,,2022년 12월 3일 오후 10:49,2022,"심보선, 이상길",진행중,Book
매드맥스,,,SUPERSUPER,,2022년 12월 10일 오전 12:48,2022,,완주,Film
베를린 천사의 시,,,,,2022년 12월 19일 오전 1:34,2022,,완주,Film
스카팽,,,,,2022년 12월 19일 오전 1:34,2022,,완주,Theater
본즈앤올,,,,,2022년 12월 19일 오전 1:34,2022,,완주,Film
스터츠 : 마음을 다스리는 마스터,,,,,2022년 12월 19일 오전 1:36,2022,,완주,Documentary
러시아 아방가르드의 이론과 실제,,,,,2022년 12월 20일 오후 2:44,2022,,진행중,Book
몬스터,,,,,2022년 12월 20일 오후 8:27,2022,,완주,Film
나이브스 아웃 : 글래스어니언,,,,,2023년 1월 3일 오후 11:04,2022,,완주,Film
3000년의 기다림,,,⭐️⭐️⭐️⭐️⭐️,,2023년 1월 3일 오후 11:05,2023,조지 밀러,완주,Film
정확한 사랑의 실험,,,SUPERSUPER,,2023년 1월 20일 오전 9:42,2023,신형철,완주,Book
뛰어놀며 운동장의 기울기를 바꾸기,,,⭐️⭐️⭐️⭐️⭐️,,2023년 1월 20일 오전 9:43,2023,"FDSC, 백희원",완주,Book
20세기 소년,,,⭐️⭐️⭐️⭐️⭐️,어린 시절의 추억과 향수가 기묘하게 엮여서 현재를 비틀어버린다. 상상력의 무서움. 향수가 불러일으키는게 다만 아련함은 아니라는 것. 기묘함과 무서움. 광증. 믿음,2023년 2월 28일 오후 12:37,2023,우라사와 나오키,완주,Graphic Book
브레네 브라운 : 나를 바꾸는 용기,,,⭐️⭐️⭐️⭐️⭐️,,2023년 2월 28일 오후 12:37,2023,,완주,Program
부의 비밀,,,⭐️⭐️⭐️,,2023년 2월 28일 오후 12:38,2023,,완주,Book
원씽,,,⭐️⭐️⭐️,,2023년 2월 28일 오후 12:38,2023,,완주,Book
아사코,,,⭐️⭐️⭐️⭐️,사랑은 재해같은 걸까?사고와 같은 사랑이 있고 다시 쌓아올리는 사랑이 있다. 더럽지만 아름다운 것. 소중하다면 소중하게 다루어야 한다. 강희의 추천으로..,2023년 2월 28일 오후 12:39,2023,하마구치 류스케,완주,Film
놉,,,⭐️⭐️⭐️⭐️,"• 동물 (몰이해성) - UAP
• Taming
• 아날로그. 영화. 흑인
• 서부극",2023년 2월 28일 오후 12:48,2023,조던 필,완주,Film
"나는 신이다 ",,,⭐️⭐️⭐️⭐️⭐️,끔찍하면서도 이런 종류의 다큐가 일종의 스릴을 불러일으킨다는 깨달음. 현혹과 매혹에 대한 고찰.,2023년 4월 12일 오후 9:29,2023,,완주,Documentary
아무튼 할머니,,,⭐️⭐️⭐️⭐️⭐️,"그는 왜이리 따뜻하고 사랑스럽단 말임. 아네스 바르다 - 그 후 주제넘는 데이트에서 여자와 나이에서 그녀가 또 출현했다. 히로시마 내사랑의 글도 뒤라스가 썼다는데. 누벨바그는 실상 여자들의 것이 아닌가? 그래, 무사히, 아무튼, 재밌는 할머니가 되자. 사랑이 많은 할머니가 되자. 여성의 이야기는 어쨌거나 재밌는 것이야. ",2023년 4월 12일 오후 10:39,2023,신승은,완주,Book
트랜싯,,,⭐️⭐️⭐️⭐️⭐️,,2023년 4월 12일 오후 10:47,2023,크리스티안 페촐트,완주,Film
"데이비드 호크니, 브리티시 팝아트 전시 -DDP",,,⭐️⭐️,,2023년 4월 12일 오후 10:47,2023,,완주,Exhibition
"수토메 판타지아 ",,,SUPERSUPER,,2023년 4월 12일 오후 10:48,2023,,완주,Exhibition
더 글로리,,,⭐️⭐️⭐️,,2023년 4월 12일 오후 10:49,2023,,완주,TV Series
혁명의 팡파르,,,⭐️⭐️⭐️,,2023년 4월 13일 오후 11:45,2023,,완주,Book
<커리어 카운슬러와 함께하는 무료 북토크>,,밑미,⭐️⭐️⭐️,,2023년 4월 13일 오후 11:47,2023,김나이,완주,Program
톰보이,,,⭐️⭐️⭐️⭐️⭐️,"로레와 미카엘의 이야기. 마음이 아픈. 파란색 원피스.. 나는 그애가 배에 속삭였던 말들을 알것같아. 다시 이름을 물어보며 끝나는 영화가 좋았다. 아이들은 잔인하고 솔직하다. 잔잔하게 찍어내는데 말이지.. 시적이야. 프랑스 단어들은 참 귀에 잘 달라붙어. 가족들의 각자의 외로움은 왜 찍어낸 걸까? 여동생 쟌의 혼자 남아있는 모습. ",2023년 4월 15일 오전 1:57,2023,셀린 시아마,완주,Film
태평양의 제방,,,⭐️⭐️⭐️⭐️⭐️,"태평양의 제방은 영원히 생기지 않는것, 결국 마지막은 어머니의 죽음 - 이후의 복수가 될지도 모르겠지 
식민지의 하급지배자로 산다는 것은 무엇일까? 서로 절망속에서 산다는 것은 무엇일까. 영화관의 묘사와 절망의 모습 - 사랑의 모습이 — -",2023년 5월 12일 오전 10:17,2023,,완주,Book
우리는 모두 다른 세계에 산다,,,,,2023년 6월 2일 오전 1:17,2023,죠제프 쇼바네크,진행중,Book
클로저,,,⭐️⭐️⭐️⭐️,"수미상관. I don’t love you, bye. 
hate - love - forgive - truth - lie - like - fancy - bored - mask 
stranger 
사랑해서 그렇다는 말, 사랑이 복잡하다는 말 
사랑은 선택의 연속인 것인데. 
상처를 주고 싶지 않고, 미안하고 싶지 않고. 
주인은 매달리는 개를 결국 사랑하게 되어있다. 
아픔에도 종속되고 싶은 심리가 있는 걸지도 모른다. 
이 감정들을 안다는 것이 내가 많은 일을 겪었다는 것의 반증일지 몰라. ",2023년 6월 6일 오후 7:08,2023,마이크 니콜스,완주,Film
표범이 말했다,,,⭐️⭐️⭐️⭐️,"수채화 색/ 그라데이션 + 펜선. 동물의 입으로 말하는 철학적 고민들과 나름의 답. 미시와 거시,",2023년 6월 17일 오후 8:13,2023,제레미 모로,완주,Graphic Book
착한 척은 지겨워,,,SUPERSUPER,"다시 한 번, 김한민은 나를 바꾸고. 나이브한, 쓰레기 마음에 붙잡혀 있는, 절망하고 어렵다는 이유로 멈춰서 있는, 스스로를 되돌아 보게 되었다. 나 - 시스템 - 나. 3.5%. 자본주의와 인간중심주의에 세뇌되지 않는.",2023년 6월 17일 오후 8:16,2023,김한민,완주,Graphic Book
녹색광선,,,⭐️⭐️⭐️⭐️,"자신을 믿기위해, 사랑을 믿기위해, 카드와 녹색광선이 필요할 때가 있다.",2023년 6월 18일 오후 5:49,2023,에릭 로메르,완주,Film
태양왕 수바,,웅진주니어,⭐️⭐️⭐️⭐️⭐️,"엄청난 수박의 전설. 잉잉잉, ",2023년 7월 8일 오전 12:23,2023,이지은,완주,Graphic Book
"디지털로 무장한, 새로운 게이트키퍼의 시대가 도래하고 있어요!",,,,"한번 생각해볼 만한 ",2023년 7월 8일 오전 1:50,2023,썸원,완주,Article
직업의 종말,,,⭐️⭐️⭐️⭐️,,2023년 7월 8일 오전 2:25,2023,,진행중,Article
뒤라스의 말,,,,,2023년 7월 9일 오후 8:56,2023,,진행중,Book
쾌락과 욕망,,,,,2023년 7월 14일 오전 9:39,2023,라파엘 울프,진행중,Book
30년만의 휴식,,,⭐️⭐️⭐️,,2023년 8월 10일 오전 12:03,2023,,완주,Book
내 그림자에게 말걸기,,,⭐️⭐️⭐️,융의 정신분석학을 심도있게 다룬,2023년 8월 10일 오후 7:58,2023,"로버트 존슨, 제리 룰",완주,Book
밝은 밤,,,⭐️⭐️⭐️⭐️,또 하나의 나 같다. 새비같이 누군가의 노고를 알아줄 것. 사랑하는 마음에 긍지를 가질 것. 영혼으로 받아들일 수 있는 사람이 되고 싶다.,2023년 8월 11일 오후 9:27,2023,최은영,완주,Book
마스크걸,,,⭐️⭐️⭐️⭐️⭐️,,2023년 9월 2일 오후 6:49,2023,,완주,TV Series
오틸라와 해골,,,SUPERSUPER,,2023년 9월 12일 오후 4:43,2023,존 클라센,완주,Graphic Book
모자를 보았어,,,SUPERSUPER,,2023년 9월 12일 오후 4:44,2023,존 클라센,완주,Graphic Book
잉칼,,,⭐️⭐️⭐️,,2023년 9월 12일 오후 4:45,2023,알레한드로 조도로프스키,완주,Graphic Book
어둠이 걷힌 자리엔,,,SUPERSUPER,,2023년 9월 12일 오후 4:46,2023,젤리빈,진행중,Graphic Book
Save the cat!,,,,,2023년 9월 12일 오후 4:46,2023,블레이크 스나이더,진행중,Book
장미의 이름,,,,,2023년 9월 15일 오후 11:45,2023,움베르토 에코,진행중,Book
귀를 기울이면,,지브리,⭐️⭐️⭐️⭐️,,2023년 9월 16일 오전 2:27,2023,곤도 요시후미,완주,Film
좀100,,,,,2023년 9월 16일 오전 2:32,2023,,진행중,TV Series
셀러브리티,,,,,2023년 9월 16일 오전 2:33,2023,,완주,TV Series
불안,,,,,2023년 9월 18일 오후 1:21,2023,린 울만,진행중,Book
어파이어,,,⭐️⭐️⭐️⭐️⭐️,,2023년 9월 18일 오후 11:51,2023,크리스티안 페촐트,완주,Film
석류의 빛깔,,,SUPERSUPER,,2023년 9월 24일 오후 7:44,2023,,완주,Film
착한 인류,,,,,2023년 9월 29일 오후 3:33,2023,프란스 드 발,완주,Book
라스트레터,,,⭐️⭐️⭐️⭐️,,2023년 10월 2일 오후 4:44,2023,이와이 슌지,완주,Film
메이킹 웨이브 : 영화 사운드의 예술,,,,,2023년 10월 19일 오후 11:43,2023,,진행중,Film
큐어,,,⭐️⭐️⭐️⭐️⭐️,,2023년 10월 31일 오후 6:36,2023,"구로사와 기요시, 야쿠쇼 코지",완주,Film
당신의 방에 아무나 들이지 마라,,,⭐️⭐️⭐️,,2023년 11월 1일 오후 10:59,2023,,진행중,Book
상처 떠나보내기,,,⭐️⭐️⭐️⭐️,,2023년 11월 29일 오전 12:50,2023,이승욱,완주,Book
핑크,,,⭐️⭐️⭐️⭐️⭐️,,2023년 12월 15일 오전 10:20,2023,오카자키 쿄고,완주,Graphic Book
천공의 성 라퓨타,,,⭐️⭐️⭐️⭐️⭐️,,2023년 12월 17일 오후 5:12,2023,"미야자키 하야오, 지브리 스튜디오",진행중,Film
헬터 스켈터,,,⭐️⭐️⭐️⭐️⭐️,,2023년 12월 17일 오후 5:13,2023,"안노 모요코, 오카자키 쿄고",완주,Graphic Book
빅 피쉬,,,⭐️⭐️⭐️⭐️,,2023년 12월 17일 오후 5:15,2023,팀 버튼,완주,Film
만화가 야식 연구소,,,⭐️⭐️⭐️⭐️⭐️,,2023년 12월 17일 오후 5:18,2023,무라타 유스케,완주,Graphic Book
오펜하이머,,,⭐️⭐️⭐️⭐️,,2023년 12월 18일 오후 9:40,2023,"크리스토퍼 놀란, 킬리언 머피",완주,Film
바비,,,⭐️⭐️⭐️⭐️,,2023년 12월 18일 오후 9:52,2023,,완주,Film
러브데스로봇,,,⭐️⭐️⭐️⭐️,,2023년 12월 18일 오후 10:35,2023,,,TV Series
팬텀스레드,,,⭐️⭐️⭐️⭐️⭐️,,2024년 1월 1일 오후 5:53,2023,,,Film
환기 미술관 <김환기의 뉴욕시대>,,,SUPERSUPER,,2024년 1월 1일 오후 10:14,2023,,,Exhibition
맡겨진 소녀,,,⭐️⭐️⭐️⭐️⭐️,,2024년 1월 7일 오후 11:59,2024,클레이 키건,완주,Book
리얼리티 트랜서핑,,,⭐️⭐️⭐️⭐️⭐️,,2024년 1월 8일 오전 12:01,2024,,완주,Book
유령집사,,,⭐️⭐️⭐️⭐️,,2024년 1월 11일 오후 5:16,2024,"김수빈, 김수완",완주,Graphic Book
몬스터,,,SUPERSUPER,,2024년 1월 22일 오전 12:45,2024,우라사와 나오키,완주,Graphic Book
산책,,,⭐️⭐️⭐️⭐️⭐️,,2024년 1월 23일 오후 6:02,2024,다니구치 지로,완주,Graphic Book
콘크리트 유토피아,,,⭐️⭐️⭐️,,2024년 1월 29일 오전 3:46,2024,,완주,Film
연기수업,,,⭐️⭐️⭐️⭐️⭐️,,2024년 2월 12일 오후 11:07,2024,,완주,Graphic Book
나의 산티아고,,,⭐️⭐️⭐️⭐️⭐️,,2024년 2월 26일 오후 6:44,2024,,완주,Film
안나,,,⭐️⭐️⭐️⭐️,,2024년 2월 26일 오후 6:44,2024,뤽 베송,완주,Film
위국일기(10까지 읽음),,,⭐️⭐️⭐️⭐️⭐️,,2024년 2월 26일 오후 6:45,2024,,진행중,Graphic Book
return to dust,,,SUPERSUPER,,2024년 2월 27일 오전 12:44,2024,,진행중,Film
시골의사 박경철 강의,https://youtu.be/U9UFEE7THbQ?si=gFHF7jNd2_ZFC5ed,,,,2024년 2월 28일 오후 2:15,2024,,완주,Youtube
니키타,,,,,2024년 3월 3일 오전 11:18,2024,뤽 베송,완주,Film
집주인 할머니와 나,,,,,2024년 3월 3일 오전 11:19,2024,,완주,Graphic Book
동경일일 1-3,,,,,2024년 3월 3일 오후 5:49,2024,마츠모토 타이요,진행중,Graphic Book
볼로냐 일러스트 원화전 57th,,,,,2024년 3월 3일 오후 5:56,2024,,완주,Exhibition
스킵과 로퍼(7까지 읽음),,,,,2024년 3월 13일 오전 10:17,2024,,,Graphic Book
송곳,,,,,2024년 3월 13일 오전 10:17,2024,,완주,Graphic Book
"기계장치의 사랑 1,2 ",,,,,2024년 3월 13일 오전 10:17,2024,,완주,Graphic Book
파묘,,,,,2024년 3월 13일 오전 10:23,2024,,완주,Film
멸망한 짐승들의 바다,,,,,2024년 3월 17일 오전 1:16,2024,,완주,Graphic Book
SI 그림책학교 졸업,,,,,2024년 3월 18일 오후 9:23,2024,,완주,Exhibition
콘텐츠 분석,,,,,2024년 3월 18일 오후 9:51,,,,
토베 얀손,,,,,2024년 3월 18일 오후 10:17,2024,,,Book
로봇 드림,,,,,2024년 3월 22일 오후 11:39,2024,,완주,Graphic Book
"철학자, 강아지, 결혼",,,⭐️⭐️⭐️⭐️,,2024년 3월 26일 오전 12:48,2024,,완주,Graphic Book
유령,,,⭐️⭐️⭐️⭐️,,2024년 3월 26일 오전 12:54,2024,크리스티안 페촐트,완주,Film
더 커뮤니티,,,,,2024년 4월 3일 오전 1:24,2024,,진행중,TV Series
악마의 일기,,,,,2024년 4월 3일 오전 2:10,2024,,완주,Graphic Book
그리고 또 그리고,,,⭐️⭐️⭐️⭐️⭐️,,2024년 5월 7일 오후 9:32,2024,,완주,Graphic Book
소년과 두더지와 여우와 말,,,SUPERSUPER,,2024년 5월 7일 오후 9:33,2024,,완주,Graphic Book
피지컬 100 2,,,,,2024년 5월 10일 오전 1:30,2024,,완주,TV Series
신 이야기,,,,,2024년 5월 10일 오전 1:30,2024,,,Graphic Book
스파,,,,,2024년 5월 20일 오후 4:39,2024,,완주,Graphic Book
브레이크다운스,,,,,2024년 5월 20일 오후 4:40,2024,아트 슈피겔만,완주,
아름다운 어둠,,,⭐️⭐️⭐️⭐️⭐️,,2024년 5월 20일 오후 5:13,2024,,완주,
돌의 부드러움,,,,,2024년 5월 20일 오후 10:20,2024,,,
더우면 벗으면 되지,,,SUPERSUPER,,2024년 5월 29일 오후 6:10,,,,
웨인 티보,,,,,2024년 6월 1일 오후 7:21,2024,,,
극락왕생,,,,,2024년 6월 1일 오후 7:23,2024,,진행중,
매드맥스 퓨리오사,,,SUPERSUPER,,2024년 6월 1일 오후 8:29,2024,"안야 테일러 조이, 조지 밀러",,Film
랑종,,,⭐️⭐️⭐️,,2024년 6월 10일 오후 6:25,2024,,,Film
호도,,,⭐️⭐️⭐️⭐️,,2024년 6월 13일 오후 5:49,2024,"마영신, 언경",,Graphic Book
"눈,물",,,⭐️⭐️⭐️⭐️⭐️,,2024년 6월 19일 오후 7:56,2024,,,Graphic Book
팔레스타인,,,⭐️⭐️⭐️,,2024년 6월 19일 오후 7:56,2024,,,Graphic Book
나츠코의 술,,,SUPERSUPER,"양주장 딸 나츠코, 시골을 벗어나 도쿄에서 카피라이터로 생활하던 중 술을 사랑하던 오빠가 암으로 죽는다. 그의 꿈이었던,, 최고의 쌀로 최고의 술을 짓겠다는 유지를 잇기로 결정하고 양주장으로 돌아온다. 화양양주, 화합으로 술을 이루기 위해.. ",2024년 6월 22일 오전 2:03,2024,아키라 오제,완주,Graphic Book
까대기,,,⭐️⭐️⭐️⭐️,,2024년 6월 25일 오후 4:19,2024,,,Graphic Book
그럼에도 여기에서,,,⭐️⭐️⭐️⭐️,,2024년 7월 3일 오후 6:29,2024,실키,,Graphic Book
소아라와 마물의 집,,,⭐️⭐️⭐️,,2024년 7월 3일 오후 6:30,2024,,진행중,Graphic Book
프렌치 수프,,,⭐️⭐️⭐️⭐️⭐️,,2024년 7월 8일 오후 3:28,2024,,,Film
토마토 나이프 그리고 입맞춤,,,⭐️⭐️⭐️⭐️,,2024년 7월 10일 오후 8:45,2024,안그람,완주,Graphic Book
"새는 봄을 기다리지 않는다 ",,,⭐️⭐️⭐️,,2024년 7월 10일 오후 8:47,2024,한동혁,진행중,Graphic Book
죽도 사무라이,,,SUPERSUPER,,2024년 7월 12일 오후 11:41,2024,마츠모토 타이요,,Graphic Book
치와와,,,⭐️⭐️⭐️⭐️,,2024년 7월 16일 오전 11:59,2024,오카자키 쿄고,진행중,Graphic Book
럭키 아가씨의 새로운 일,,,⭐️⭐️⭐️,,2024년 7월 18일 오후 9:20,2024,,,Graphic Book
재채기,,,⭐️⭐️⭐️,,2024년 7월 18일 오후 9:20,2024,우라사와 나오키,,Graphic Book
데드풀 3,,,⭐️⭐️⭐️,,2024년 8월 12일 오후 10:45,2024,,완주,Film
수이와 그림자,,,⭐️⭐️⭐️⭐️,,2024년 8월 12일 오후 10:46,2024,,,Graphic Book
트랜스 휴머니즘,,,⭐️⭐️⭐️⭐️,,2024년 8월 12일 오후 10:47,2024,,완주,Graphic Book
메추리의 시간,,,⭐️⭐️⭐️,경미가 좋아할것 같다. 탐조,2024년 8월 12일 오후 10:47,2024,,진행중,Graphic Book
사랑의 바다,,,⭐️⭐️⭐️⭐️⭐️,대사 없음. 감정을 이끄는 연출/ 바다라는 계에 관한 작가의 관점이 흥미로눔. 생태-평화-개인의 안온한 사랑까지,2024년 8월 12일 오후 10:48,2024,,완주,Graphic Book
건강하고 문화적인 최저한도의 생활,,,,"사회복지 공무원, 최저생활비 지원에 과놘 이야기",2024년 8월 12일 오후 10:49,2024,,진행중,Graphic Book
울고 싶은 밤의 디저트 가게,,,⭐️⭐️⭐️⭐️,우럿어. 스토리텔링 위로의 음식,2024년 8월 12일 오후 10:50,2024,,완주,Graphic Book
노부나가의 셰프,,,⭐️⭐️⭐️⭐️⭐️,"꽤 재밌다. 강렬하진 않아도 탄탄하다. 노부나가라는 인물, 재밌는 세계관 + 음식",2024년 8월 12일 오후 10:51,2024,,진행중,Graphic Book
시가테라,,,SUPERSUPER,,2024년 8월 12일 오후 10:52,2024,,완주,Graphic Book
표류교실,,,⭐️⭐️⭐️⭐️⭐️,,2024년 8월 12일 오후 10:53,2024,,완주,Graphic Book
엄마들,,,⭐️⭐️⭐️⭐️⭐️,,2024년 8월 12일 오후 10:53,2024,,완주,Graphic Book
동경일일,,,SUPERSUPER,,2024년 8월 12일 오후 10:54,2024,마츠모토 타이요,완주,Graphic Book
수화 배우는 만화,,,⭐️⭐️⭐️,,2024년 8월 12일 오후 10:55,2024,,,Graphic Book
수평선,,,⭐️⭐️⭐️⭐️,,2024년 8월 23일 오전 2:08,2024,,완주,Graphic Book
베르세르크,,,SUPERSUPER,,2024년 8월 23일 오전 2:08,2024,,진행중,Graphic Book
데드미트 패러독스,,,⭐️⭐️⭐️⭐️,,2024년 8월 23일 오전 2:09,2024,,완주,Graphic Book
토르 러브앤썬더,,,⭐️⭐️⭐️,,2024년 8월 23일 오전 2:10,2024,,완주,Film
괴수8호 1기,,,⭐️⭐️⭐️⭐️,,2024년 8월 23일 오전 2:10,2024,,완주,TV Series
날씨의 맛,,,,,2024년 8월 23일 오전 2:34,2024,,진행중,Book
퍼펙트 데이즈,,,SUPERSUPER,,2024년 9월 5일 오전 1:54,2024,"빔 벤더스, 야쿠쇼 코지",완주,Film
,,,,,2024년 9월 5일 오전 1:59,,,,Film
이토록 사소한 것들,,,,,2024년 9월 5일 오후 1:12,,클레어 키건,완주,Book
인티사르의 자동차,,,,,2024년 9월 5일 오후 1:13,2024,,완주,Graphic Book
룩백(영화),,,,Back을 계속 가지고 가면서 꿈-우정에 대한 자연스러운.. 감정들에 대해 생생한 묘사. 우선 애니매이션 자체가 너무 퀄리티가 높았다.. 끌어준다-끌고간다에 대한 서로에 대한 의존성,2024년 9월 7일 오후 11:53,2024,,진행중,Graphic Book
사토라레,,,,,2024년 9월 10일 오후 9:26,2024,,완주,Graphic Book
이상한 집,,,,,2024년 9월 28일 오후 3:30,2024,,진행중,Graphic Book
굿모닝 예루살렘,,,,,2024년 10월 8일 오전 9:49,2024,,완주,Graphic Book
데이빗,,,,,2024년 10월 8일 오전 9:49,2024,,진행중,Graphic Book
한나 아렌트 세 번의 탈출,,,,,2024년 10월 8일 오전 9:49,2024,,진행중,Graphic Book
바다를 달리는 엔딩크레딧,,,,,2024년 10월 8일 오전 9:50,2024,,진행중,Graphic Book
제철동 사람들,,,,,2024년 10월 8일 오전 9:51,2024,,완주,Graphic Book
이세린가이드,,,,,2024년 10월 18일 오후 2:56,2024,,진행중,Graphic Book
나를 소모하지 않는 현명한 태도에 관하여,,,⭐️⭐️⭐️⭐️⭐️,,2024년 11월 6일 오전 1:18,2024,마티아스 뇔케,진행중,Book
친구의 부름,,,⭐️⭐️⭐️⭐️,"죄의식, 죄책감, 러브크래프트",2024년 11월 6일 오후 11:54,2024,최재훈,완주,Graphic Book
강특고 아이들,,,,,2024년 11월 20일 오후 3:27,2024,,완주,Graphic Book
멜로가 체질,,,,,2024년 12월 20일 오전 10:01,2024,,진행중,TV Series
들개,,,,애니메이션 적임. 사실 이야기는 좀 평범함,2024년 12월 20일 오후 1:51,2024,조원희,완주,
"매일, 휴일",,,,"매일을 휴일같이. 주인공의 느긋함이 좋아라. ",2024년 12월 20일 오후 1:52,2024,,진행중,
관타나모 키드,,,,"관타나모 수용소 최연소 수감자 무함마드 엘 고라니 실화 오디세이. 미국의 타 종교 배척과 이슬람혐오, 인종 차별로 인한 폭력, 가혹행위, 정치가 어떻게 사람들의 삶을 망가뜨리는지. 그러나 그 안에서 어떻게 사람들은 웃음과 신념을 잃지 않고 살 수 있었는지 이런 측면에서 종교와 신앙심이 어떤 역할을 하는지. ",2024년 12월 20일 오후 1:52,2024,,완주,
꽃은 거기에 놓아두시면 돼요,,,⭐️⭐️⭐️⭐️⭐️,"요양병원의 이야기. 어떤 이야기를 가지고 가는지. 사람들의 환상을 인정하고 - 결국 그 환상에 동조되는 주인공 ",2024년 12월 20일 오후 1:55,2024,캉탱 쥐티옹,완주,
모든 공주는 자정 이후에 죽는다,,,,같은 시간대에 사랑(남자)를 상실한 세 공주와 잃어버린 다이애나 공주,2024년 12월 20일 오후 9:05,2024,캉탱 쥐티옹,완주,
천공의 라퓨타,,,,,2025년 1월 13일 오전 1:53,2024,미야자키 하야오,완주,
아르티스트,,,⭐️⭐️⭐️⭐️,,2025년 1월 31일 오전 2:28,2025,,진행중,Graphic Book
세팅더테이블,,,⭐️⭐️⭐️⭐️⭐️,,2025년 1월 31일 오전 2:30,"2024, 2025",,진행중,Book
센티멘털 무반응,,,⭐️⭐️⭐️,,2025년 2월 28일 오후 11:52,2025,,완주,Graphic Book
점과 선과 새,,,⭐️⭐️⭐️⭐️,,2025년 2월 28일 오후 11:52,2025,,완주,Graphic Book
풀 나이트,,,⭐️⭐️⭐️,,2025년 2월 28일 오후 11:52,2025,,진행중,Graphic Book
워킹데드,,,⭐️⭐️⭐️⭐️,,2025년 2월 28일 오후 11:53,2025,,진행중,Graphic Book
꼬마 곰의 케이크 가게,,,⭐️⭐️⭐️⭐️⭐️,,2025년 2월 28일 오후 11:53,2025,,완주,Graphic Book
푸른하늘 프리즘 솔라카,,,⭐️⭐️⭐️,,2025년 2월 28일 오후 11:53,2025,,완주,Graphic Book
여장남자와 살인자,,,⭐️⭐️⭐️,,2025년 2월 28일 오후 11:54,2025,,완주,Graphic Book
에데나의 세계,,,SUPERSUPER,,2025년 3월 16일 오전 2:00,2025,,완주,Graphic Book
너의 모든것,,,⭐️⭐️⭐️⭐️,,2025년 4월 2일 오후 7:32,2025,,진행중,TV Series
유리병 속의 나나니,,,⭐️⭐️⭐️,,2025년 5월 27일 오후 5:31,2025,,완주,Graphic Book
Amphigorey,,,SUPERSUPER,,2025년 5월 27일 오후 5:35,2025,,완주,Graphic Book
천국대마경,,,SUPERSUPER,,2025년 5월 27일 오후 5:36,2025,,진행중,Graphic Book
페르세폴리스,,,⭐️⭐️⭐️⭐️⭐️,,2025년 5월 27일 오후 5:37,2025,,완주,Graphic Book
북해의 별,,,SUPERSUPER,,2025년 5월 27일 오후 5:38,2025,,완주,Book
여름 안에서,,,⭐️⭐️⭐️⭐️⭐️,,2025년 5월 27일 오후 5:38,2025,,완주,Book
세키네씨의 사랑,,,⭐️⭐️⭐️⭐️,,2025년 5월 27일 오후 5:39,2025,,완주,Graphic Book
낫심플,,,⭐️⭐️⭐️⭐️,,2025년 5월 27일 오후 5:40,2025,,완주,Graphic Book
해피엔드,,,⭐️⭐️⭐️⭐️⭐️,,2025년 5월 27일 오후 5:42,2025,네오 소라,완주,Film
썩은도랑,,,,,2025년 7월 8일 오후 10:00,2025,이케베 아오이,완주,
있잖아 엄마,,,,,2025년 7월 8일 오후 10:00,2025,,,
All you need is kill,,,,,2025년 7월 14일 오후 3:42,2025,,,
백엔의 사랑,,,,,2025년 7월 14일 오후 3:48,2025,,,
모로호시 다이지로 단편극장,,,,,2025년 8월 7일 오전 1:22,2025,,,
북극백화점의 안내원,,,,,2025년 9월 2일 오후 11:11,2025,,,
진격의 거인,,,,,2025년 9월 2일 오후 11:11,2025,,,
고고몬스터,,,,,2025년 9월 2일 오후 11:12,2025,,,
모험 에레키테 섬,,,,,2025년 9월 2일 오후 11:12,2025,,,
돈 덴,,,,,2025년 9월 2일 오후 11:14,2025,,,
황천의 츠가이,,,,,2025년 9월 2일 오후 11:14,2025,,,
타코피의 원죄,,,,,2025년 9월 2일 오후 11:17,2025,,,
내 이야기!,,,,,2025년 10월 21일 오전 10:49,2025,,,
원 씽,,,,,2025년 10월 21일 오전 10:50,2025,,,
일하는 법을 제대로 배운적은 처음입니다,,,,,2025년 10월 21일 오전 10:50,2025,,,
언제나기억해,,,,,2025년 12월 9일 오전 2:37,2025,,,
주식회사천재패밀리,,,,,2025년 12월 9일 오전 2:37,2025,,,
배가본드,,,,,2026년 2월 15일 오후 10:44,2026,,진행중,
왕과 사는 남자,,,,,2026년 2월 15일 오후 10:44,2026,,완주,
클레이모어,,,,,2026년 2월 15일 오후 10:45,2026,,진행중,
달리기를 말할 때 내가 하고 싶은 이야기,,,,,2026년 3월 30일 오전 2:31,2026,,,